Date,Danger Rating
"Mar 25, 2023",MODERATE
"Mar 24, 2023",MODERATE
"Mar 22, 2023",NO RATING
"Mar 21, 2023",NO RATING
"Mar 20, 2023",NO RATING
"Mar 19, 2023",NO RATING
"Mar 18, 2023",MODERATE
"Mar 17, 2023",MODERATE
"Mar 16, 2023",MODERATE
"Mar 15, 2023",NO RATING
"Mar 14, 2023",NO RATING
"Mar 13, 2023",NO RATING
"Mar 12, 2023",NO RATING
"Mar 11, 2023",MODERATE
"Mar 10, 2023",MODERATE
"Mar 9, 2023",MODERATE
"Mar 8, 2023",NO RATING
"Mar 7, 2023",NO RATING
"Mar 6, 2023",NO RATING
"Mar 5, 2023",NO RATING
"Mar 4, 2023",CONSIDERABLE
"Mar 3, 2023",CONSIDERABLE
"Mar 2, 2023",CONSIDERABLE
"Mar 1, 2023",NO RATING
"Feb 28, 2023",NO RATING
"Feb 27, 2023",NO RATING
"Feb 26, 2023",NO RATING
"Feb 25, 2023",CONSIDERABLE
"Feb 24, 2023",MODERATE
"Feb 23, 2023",MODERATE
"Feb 22, 2023",NO RATING
"Feb 21, 2023",NO RATING
"Feb 20, 2023",NO RATING
"Feb 19, 2023",MODERATE
"Feb 18, 2023",MODERATE
"Feb 17, 2023",MODERATE
"Feb 16, 2023",MODERATE
"Feb 15, 2023",MODERATE
"Feb 14, 2023",NO RATING
"Feb 13, 2023",NO RATING
"Feb 12, 2023",MODERATE
"Feb 11, 2023",MODERATE
"Feb 10, 2023",MODERATE
"Feb 9, 2023",MODERATE
"Feb 8, 2023",NO RATING
"Feb 7, 2023",NO RATING
"Feb 6, 2023",NO RATING
"Feb 5, 2023",NO RATING
"Feb 4, 2023",MODERATE
"Feb 3, 2023",MODERATE
"Feb 2, 2023",MODERATE
"Jan 31, 2023",NO RATING
"Jan 30, 2023",NO RATING
"Jan 29, 2023",NO RATING
"Jan 28, 2023",MODERATE
"Jan 27, 2023",MODERATE
"Jan 26, 2023",MODERATE
"Jan 25, 2023",NO RATING
"Jan 24, 2023",NO RATING
"Jan 23, 2023",NO RATING
"Jan 22, 2023",NO RATING
"Jan 21, 2023",MODERATE
"Jan 20, 2023",MODERATE
"Jan 19, 2023",MODERATE
"Jan 18, 2023",NO RATING
"Jan 17, 2023",NO RATING
"Jan 16, 2023",NO RATING
"Jan 15, 2023",MODERATE
"Jan 14, 2023",MODERATE
"Jan 13, 2023",MODERATE
"Jan 12, 2023",CONSIDERABLE
"Jan 11, 2023",NO RATING
"Jan 10, 2023",NO RATING
"Jan 9, 2023",NO RATING
"Jan 8, 2023",NO RATING
"Jan 7, 2023",MODERATE
"Jan 6, 2023",MODERATE
"Jan 5, 2023",MODERATE
"Jan 4, 2023",NO RATING
"Jan 3, 2023",NO RATING
"Jan 2, 2023",MODERATE
"Jan 1, 2023",MODERATE